<?xml version="1.0" encoding="UTF-8"?><rss version="2.0"
	xmlns:content="http://purl.org/rss/1.0/modules/content/"
	xmlns:dc="http://purl.org/dc/elements/1.1/"
	xmlns:atom="http://www.w3.org/2005/Atom"
	xmlns:sy="http://purl.org/rss/1.0/modules/syndication/"
	
	>
<channel>
	<title>
	Comments on: When feeling tired of human relationships	</title>
	<atom:link href="/when-feeling-tired-of-human-relationships/feed/" rel="self" type="application/rss+xml" />
	<link>/when-feeling-tired-of-human-relationships/</link>
	<description></description>
	<lastBuildDate>Wed, 27 Sep 2023 14:59:24 +0000</lastBuildDate>
	<sy:updatePeriod>
	hourly	</sy:updatePeriod>
	<sy:updateFrequency>
	1	</sy:updateFrequency>
	<generator>https://wordpress.org/?v=6.3.1</generator>
</channel>
</rss>
