<?xml version="1.0" encoding="UTF-8"?><rss version="2.0"
	xmlns:content="http://purl.org/rss/1.0/modules/content/"
	xmlns:wfw="http://wellformedweb.org/CommentAPI/"
	xmlns:dc="http://purl.org/dc/elements/1.1/"
	xmlns:atom="http://www.w3.org/2005/Atom"
	xmlns:sy="http://purl.org/rss/1.0/modules/syndication/"
	xmlns:slash="http://purl.org/rss/1.0/modules/slash/"
	>

<channel>
	<title>Iphone &#8211; DFJ</title>
	<atom:link href="/product-category/mobile/iphone/feed/" rel="self" type="application/rss+xml" />
	<link></link>
	<description></description>
	<lastBuildDate>Tue, 26 Sep 2023 15:08:17 +0000</lastBuildDate>
	<language>en-US</language>
	<sy:updatePeriod>
	hourly	</sy:updatePeriod>
	<sy:updateFrequency>
	1	</sy:updateFrequency>
	<generator>https://wordpress.org/?v=6.3.1</generator>

<image>
	<url>/wp-content/uploads/2023/09/download-removebg-preview-6.png</url>
	<title>Iphone &#8211; DFJ</title>
	<link></link>
	<width>32</width>
	<height>32</height>
</image> 
	<item>
		<title>Apple iPhone 14 Plus</title>
		<link>/product/apple-iphone-14-plus/</link>
					<comments>/product/apple-iphone-14-plus/#respond</comments>
		
		<dc:creator><![CDATA[admin]]></dc:creator>
		<pubDate>Mon, 25 Sep 2023 15:47:49 +0000</pubDate>
				<guid isPermaLink="false">/?post_type=product#038;p=41</guid>

					<description><![CDATA[Type Super Retina XDR OLED, HDR10, Dolby Vision, 1000 nits (HBM), 2000 nits (peak)
Size 6.1 inches, 91.3 cm2 (~86.4% screen-to-body ratio)
Resolution 1179 x 2556 pixels, 19.5:9 ratio (~461 ppi density)
Protection Ceramic Shield glass]]></description>
										<content:encoded><![CDATA[<p>NETWORK Technology<br />
GSM / CDMA / HSPA / EVDO / LTE / 5G<br />
LAUNCH Announced 2023, September 12<br />
Status Available. Released 2023, September 22<br />
BODY Dimensions 147.6 x 71.6 x 7.8 mm (5.81 x 2.82 x 0.31 in)<br />
Weight 171 g (6.03 oz)<br />
Build Glass front (Corning-made glass), glass back (Corning-made glass), aluminum frame<br />
SIM Nano-SIM and eSIM &#8211; International<br />
Dual eSIM with multiple numbers &#8211; USA<br />
Dual SIM (Nano-SIM, dual stand-by) &#8211; China<br />
IP68 dust/water resistant (up to 6m for 30 min)<br />
Apple Pay (Visa, MasterCard, AMEX certified)<br />
DISPLAY Type Super Retina XDR OLED, HDR10, Dolby Vision, 1000 nits (HBM), 2000 nits (peak)<br />
Size 6.1 inches, 91.3 cm2 (~86.4% screen-to-body ratio)<br />
Resolution 1179 x 2556 pixels, 19.5:9 ratio (~461 ppi density)<br />
Protection Ceramic Shield glass<br />
PLATFORM OS iOS 17<br />
Chipset Apple A16 Bionic (4 nm)<br />
CPU Hexa-core (2&#215;3.46 GHz Everest + 4&#215;2.02 GHz Sawtooth)<br />
GPU Apple GPU (5-core graphics)<br />
MEMORY Card slot No<br />
Internal 128GB 6GB RAM, 256GB 6GB RAM, 512GB 6GB RAM<br />
NVMe<br />
MAIN CAMERA Dual 48 MP, f/1.6, 26mm (wide), 1.0µm, dual pixel PDAF, sensor-shift OIS<br />
12 MP, f/2.4, 13mm, 120˚ (ultrawide)<br />
Features Dual-LED dual-tone flash, HDR (photo/panorama)<br />
Video 4K@24/25/30/60fps, 1080p@25/30/60/120/240fps, HDR, Dolby Vision HDR (up to 60fps), Cinematic mode (4K@30fps), stereo sound rec.<br />
SELFIE CAMERA Single 12 MP, f/1.9, 23mm (wide), 1/3.6&#8243;, PDAF<br />
SL 3D, (depth/biometrics sensor)<br />
Features HDR, Cinematic mode (4K@30fps)<br />
Video 4K@24/25/30/60fps, 1080p@25/30/60/120fps, gyro-EIS<br />
SOUND Loudspeaker Yes, with stereo speakers<br />
3.5mm jack No<br />
COMMS WLAN Wi-Fi 802.11 a/b/g/n/ac/6, dual-band, hotspot<br />
Bluetooth 5.3, A2DP, LE<br />
Positioning GPS, GLONASS, GALILEO, BDS, QZSS<br />
NFC Yes<br />
Radio No<br />
USB USB Type-C 2.0, DisplayPort<br />
FEATURES Sensors Face ID, accelerometer, gyro, proximity, compass, barometer<br />
Ultra Wideband 2 (UWB) support<br />
Emergency SOS via satellite (SMS sending/receiving)<br />
BATTERY Type Li-Ion 3349 mAh, non-removable<br />
Charging Wired, 50% in 30 min (advertised)<br />
15W wireless (MagSafe)<br />
7.5W wireless (Qi)<br />
Reverse wired<br />
MISC Colors Black, Blue, Green, Yellow, Pink</p>
]]></content:encoded>
					
					<wfw:commentRss>/product/apple-iphone-14-plus/feed/</wfw:commentRss>
			<slash:comments>0</slash:comments>
		
		
			</item>
		<item>
		<title>Apple iPhone 15</title>
		<link>/product/apple-iphone-15/</link>
					<comments>/product/apple-iphone-15/#respond</comments>
		
		<dc:creator><![CDATA[admin]]></dc:creator>
		<pubDate>Mon, 25 Sep 2023 15:45:11 +0000</pubDate>
				<guid isPermaLink="false">/?post_type=product#038;p=38</guid>

					<description><![CDATA[Type Super Retina XDR OLED, HDR10, Dolby Vision, 1000 nits (HBM), 2000 nits (peak)
Size 6.1 inches, 91.3 cm2 (~86.4% screen-to-body ratio)
Resolution 1179 x 2556 pixels, 19.5:9 ratio (~461 ppi density)
Protection Ceramic Shield glass]]></description>
										<content:encoded><![CDATA[<p>NETWORK Technology<br />
GSM / CDMA / HSPA / EVDO / LTE / 5G<br />
LAUNCH Announced 2023, September 12<br />
Status Available. Released 2023, September 22<br />
BODY Dimensions 147.6 x 71.6 x 7.8 mm (5.81 x 2.82 x 0.31 in)<br />
Weight 171 g (6.03 oz)<br />
Build Glass front (Corning-made glass), glass back (Corning-made glass), aluminum frame<br />
SIM Nano-SIM and eSIM &#8211; International<br />
Dual eSIM with multiple numbers &#8211; USA<br />
Dual SIM (Nano-SIM, dual stand-by) &#8211; China<br />
IP68 dust/water resistant (up to 6m for 30 min)<br />
Apple Pay (Visa, MasterCard, AMEX certified)<br />
DISPLAY Type Super Retina XDR OLED, HDR10, Dolby Vision, 1000 nits (HBM), 2000 nits (peak)<br />
Size 6.1 inches, 91.3 cm2 (~86.4% screen-to-body ratio)<br />
Resolution 1179 x 2556 pixels, 19.5:9 ratio (~461 ppi density)<br />
Protection Ceramic Shield glass<br />
PLATFORM OS iOS 17<br />
Chipset Apple A16 Bionic (4 nm)<br />
CPU Hexa-core (2&#215;3.46 GHz Everest + 4&#215;2.02 GHz Sawtooth)<br />
GPU Apple GPU (5-core graphics)<br />
MEMORY Card slot No<br />
Internal 128GB 6GB RAM, 256GB 6GB RAM, 512GB 6GB RAM<br />
NVMe<br />
MAIN CAMERA Dual 48 MP, f/1.6, 26mm (wide), 1.0µm, dual pixel PDAF, sensor-shift OIS<br />
12 MP, f/2.4, 13mm, 120˚ (ultrawide)<br />
Features Dual-LED dual-tone flash, HDR (photo/panorama)<br />
Video 4K@24/25/30/60fps, 1080p@25/30/60/120/240fps, HDR, Dolby Vision HDR (up to 60fps), Cinematic mode (4K@30fps), stereo sound rec.<br />
SELFIE CAMERA Single 12 MP, f/1.9, 23mm (wide), 1/3.6&#8243;, PDAF<br />
SL 3D, (depth/biometrics sensor)<br />
Features HDR, Cinematic mode (4K@30fps)<br />
Video 4K@24/25/30/60fps, 1080p@25/30/60/120fps, gyro-EIS<br />
SOUND Loudspeaker Yes, with stereo speakers<br />
3.5mm jack No<br />
COMMS WLAN Wi-Fi 802.11 a/b/g/n/ac/6, dual-band, hotspot<br />
Bluetooth 5.3, A2DP, LE<br />
Positioning GPS, GLONASS, GALILEO, BDS, QZSS<br />
NFC Yes<br />
Radio No<br />
USB USB Type-C 2.0, DisplayPort<br />
FEATURES Sensors Face ID, accelerometer, gyro, proximity, compass, barometer<br />
Ultra Wideband 2 (UWB) support<br />
Emergency SOS via satellite (SMS sending/receiving)<br />
BATTERY Type Li-Ion 3349 mAh, non-removable<br />
Charging Wired, 50% in 30 min (advertised)<br />
15W wireless (MagSafe)<br />
7.5W wireless (Qi)<br />
Reverse wired<br />
MISC Colors Black, Blue, Green, Yellow, Pink</p>
]]></content:encoded>
					
					<wfw:commentRss>/product/apple-iphone-15/feed/</wfw:commentRss>
			<slash:comments>0</slash:comments>
		
		
			</item>
	</channel>
</rss>
