<?xml version="1.0" encoding="UTF-8"?><rss version="2.0"
	xmlns:content="http://purl.org/rss/1.0/modules/content/"
	xmlns:wfw="http://wellformedweb.org/CommentAPI/"
	xmlns:dc="http://purl.org/dc/elements/1.1/"
	xmlns:atom="http://www.w3.org/2005/Atom"
	xmlns:sy="http://purl.org/rss/1.0/modules/syndication/"
	xmlns:slash="http://purl.org/rss/1.0/modules/slash/"
	>

<channel>
	<title>admin &#8211; DFJ</title>
	<atom:link href="/author/admin/feed/" rel="self" type="application/rss+xml" />
	<link></link>
	<description></description>
	<lastBuildDate>Wed, 27 Sep 2023 14:59:24 +0000</lastBuildDate>
	<language>en-US</language>
	<sy:updatePeriod>
	hourly	</sy:updatePeriod>
	<sy:updateFrequency>
	1	</sy:updateFrequency>
	<generator>https://wordpress.org/?v=6.3.1</generator>

<image>
	<url>/wp-content/uploads/2023/09/download-removebg-preview-6.png</url>
	<title>admin &#8211; DFJ</title>
	<link></link>
	<width>32</width>
	<height>32</height>
</image> 
	<item>
		<title>When feeling tired of human relationships</title>
		<link>/when-feeling-tired-of-human-relationships/</link>
					<comments>/when-feeling-tired-of-human-relationships/#respond</comments>
		
		<dc:creator><![CDATA[admin]]></dc:creator>
		<pubDate>Wed, 27 Sep 2023 14:56:34 +0000</pubDate>
				<category><![CDATA[Relationship]]></category>
		<category><![CDATA[Marketing]]></category>
		<category><![CDATA[News]]></category>
		<category><![CDATA[Popular]]></category>
		<guid isPermaLink="false">/?p=306</guid>

					<description><![CDATA[Donec accumsan auctor iaculis. Sed suscipit arcu ligula, at egestas magna molestie a. Proin ac ex maximus, ultrices justo eget,...]]></description>
										<content:encoded><![CDATA[
<p class="has-woostify-heading-4-font-size">Donec accumsan auctor iaculis. Sed suscipit arcu ligula, at egestas magna molestie a. Proin ac ex maximus, ultrices justo eget, sodales orci. Aliquam egestas libero ac turpis pharetra, in vehicula lacus scelerisque. Vestibulum ut sem laoreet.</p>



<p></p>



<blockquote class="wp-block-quote">
<p>Lorem ipsum dolor sit amet, consectetur adipiscing elit. Quisque sit amet ex at orci posuere ullamcorper. Maecenas at iaculis diam. Nulla sem mauris, posuere id orci eget, rutrum</p>
<cite><strong>Lee Hari</strong>&nbsp;— CEO of Woostify</cite></blockquote>



<p>Vestibulum viverra mi non dolor aliquet, sed mollis dolor vulputate. Proin lacus ante, aliquet a libero eget, efficitur conse quat sem. Nunc non orci leo. Sed porta massa eget ligula lacinia, in iaculis metus consequat. Sed vehicula risus at neque pharetra, nec convallis risus placerat tristique pulvinar nunc sit amet. Praesent non lectus sit amet nibh posuere tristique. Aenean et dui ut mauris dapibus venenatis.</p>


<div class="wp-block-image">
<figure class="alignleft size-full is-resized"><img decoding="async" fetchpriority="high" src="/wp-content/uploads/2023/09/6.jpg" alt="" class="wp-image-217" style="width:363px;height:363px" width="363" height="363"/></figure></div>


<p>Maecenas eu ante a elit tempus fermentum. Aliquam com modo tincidunt semper, phasellus accumsan. Musto ac mollis pharetra, ex dui pharetra nisl, a scelerisque ipsum nulla ac sem. Integer hendrerit egestas magna.</p>



<p>Pellentesque velit placerat et. Integer pulvinar dolor eu metus elementum, at commodo erat efficitur. Vivamus sol licitudin, quam a ornare vestibulum. Proin sit amet aliquet justo, et finibus neque. Etiam id massa risus.</p>



<p>Lorem turpis egestas magna, in lacinia felis arcu sit amet arcu. Cras eu risus urna. Duis lorem sapien, congue eget nisl sit amet, rutrum faucibus elit. Nullam non tortor massa. Proin ligula leo, hendrerit quis tincidunt a, sodales eget ligula. Donec ornare molestie vehicula. Duis feugiat iaculis. Fusce fermentum ipsum.</p>



<p></p>



<p></p>
]]></content:encoded>
					
					<wfw:commentRss>/when-feeling-tired-of-human-relationships/feed/</wfw:commentRss>
			<slash:comments>0</slash:comments>
		
		
			</item>
	</channel>
</rss>
