<?xml version="1.0" encoding="UTF-8"?><rss version="2.0"
	xmlns:content="http://purl.org/rss/1.0/modules/content/"
	xmlns:dc="http://purl.org/dc/elements/1.1/"
	xmlns:atom="http://www.w3.org/2005/Atom"
	xmlns:sy="http://purl.org/rss/1.0/modules/syndication/"
	
	>
<channel>
	<title>
	Comments on: Slim Fit Dress Shirts	</title>
	<atom:link href="/product/slim-fit-dress-shirts/feed/" rel="self" type="application/rss+xml" />
	<link>/product/slim-fit-dress-shirts/</link>
	<description></description>
	<lastBuildDate>Tue, 26 Sep 2023 15:08:42 +0000</lastBuildDate>
	<sy:updatePeriod>
	hourly	</sy:updatePeriod>
	<sy:updateFrequency>
	1	</sy:updateFrequency>
	<generator>https://wordpress.org/?v=6.3.1</generator>
	<item>
		<title>
		By: admin		</title>
		<link>/product/slim-fit-dress-shirts/#comment-2</link>

		<dc:creator><![CDATA[admin]]></dc:creator>
		<pubDate>Mon, 25 Sep 2023 14:57:53 +0000</pubDate>
		<guid isPermaLink="false">/?post_type=product#038;p=15#comment-2</guid>

					<description><![CDATA[Very Good Stuff..]]></description>
			<content:encoded><![CDATA[<p>Very Good Stuff..</p>
]]></content:encoded>
		
			</item>
	</channel>
</rss>
