<?xml version="1.0" encoding="UTF-8"?><rss version="2.0"
	xmlns:content="http://purl.org/rss/1.0/modules/content/"
	xmlns:wfw="http://wellformedweb.org/CommentAPI/"
	xmlns:dc="http://purl.org/dc/elements/1.1/"
	xmlns:atom="http://www.w3.org/2005/Atom"
	xmlns:sy="http://purl.org/rss/1.0/modules/syndication/"
	xmlns:slash="http://purl.org/rss/1.0/modules/slash/"
	>

<channel>
	<title>tshirt &#8211; DFJ</title>
	<atom:link href="/product-tag/tshirt/feed/" rel="self" type="application/rss+xml" />
	<link></link>
	<description></description>
	<lastBuildDate>Tue, 26 Sep 2023 15:08:42 +0000</lastBuildDate>
	<language>en-US</language>
	<sy:updatePeriod>
	hourly	</sy:updatePeriod>
	<sy:updateFrequency>
	1	</sy:updateFrequency>
	<generator>https://wordpress.org/?v=6.3.1</generator>

<image>
	<url>/wp-content/uploads/2023/09/download-removebg-preview-6.png</url>
	<title>tshirt &#8211; DFJ</title>
	<link></link>
	<width>32</width>
	<height>32</height>
</image> 
	<item>
		<title>Working Boy T-Shirt</title>
		<link>/product/working-boy-t-shirt-slim-fit-dress-shirts-copy/</link>
					<comments>/product/working-boy-t-shirt-slim-fit-dress-shirts-copy/#respond</comments>
		
		<dc:creator><![CDATA[admin]]></dc:creator>
		<pubDate>Mon, 25 Sep 2023 14:58:48 +0000</pubDate>
				<guid isPermaLink="false">/?post_type=product#038;p=19</guid>

					<description><![CDATA[Qui, explicabo eius nisi fugit repudiandae, quos voluptates, beatae ullam consectetur ducimus itaque! Tempore provident eligendi sed ipsum ea. Reiciendis nulla neque sapiente, totam veritatis non? Odio, quaerat.]]></description>
										<content:encoded><![CDATA[<p><strong>Eum culpa assumenda</strong> eligendi fugit laborum vitae odit deleniti illo quasi voluptates, ipsa, placeat, quaerat, omnis nisi. Repellendus reprehenderit temporibus optio, unde enim vel dignissimos! Deleniti sed perferendis quod ratione incidunt, quam illo et, nulla delectus. Qui, explicabo eius nisi fugit repudiandae, quos voluptates, beatae ullam consectetur ducimus itaque! Tempore provident eligendi sed ipsum ea. Reiciendis nulla neque sapiente, totam veritatis non? Odio, quaerat.</p>
<p>Eum culpa assumenda eligendi fugit laborum vitae odit deleniti illo quasi voluptates, ipsa, placeat, quaerat, omnis nisi. Repellendus reprehenderit temporibus optio, unde enim vel dignissimos! Deleniti sed perferendis quod ratione incidunt, quam illo et, nulla delectus. Qui, explicabo eius nisi fugit repudiandae, quos voluptates, beatae ullam consectetur ducimus itaque! Tempore provident eligendi sed ipsum ea. Reiciendis nulla neque sapiente, totam veritatis non? Odio, quaerat.</p>
]]></content:encoded>
					
					<wfw:commentRss>/product/working-boy-t-shirt-slim-fit-dress-shirts-copy/feed/</wfw:commentRss>
			<slash:comments>0</slash:comments>
		
		
			</item>
		<item>
		<title>Slim Fit Dress Shirts</title>
		<link>/product/slim-fit-dress-shirts/</link>
					<comments>/product/slim-fit-dress-shirts/#comments</comments>
		
		<dc:creator><![CDATA[admin]]></dc:creator>
		<pubDate>Mon, 25 Sep 2023 13:22:03 +0000</pubDate>
				<guid isPermaLink="false">/?post_type=product#038;p=15</guid>

					<description><![CDATA[Qui, explicabo eius nisi fugit repudiandae, quos voluptates, beatae ullam consectetur ducimus itaque! Tempore provident eligendi sed ipsum ea. Reiciendis nulla neque sapiente, totam veritatis non? Odio, quaerat.]]></description>
										<content:encoded><![CDATA[<p><strong>Eum culpa assumenda</strong> eligendi fugit laborum vitae odit deleniti illo quasi voluptates, ipsa, placeat, quaerat, omnis nisi. Repellendus reprehenderit temporibus optio, unde enim vel dignissimos! Deleniti sed perferendis quod ratione incidunt, quam illo et, nulla delectus. Qui, explicabo eius nisi fugit repudiandae, quos voluptates, beatae ullam consectetur ducimus itaque! Tempore provident eligendi sed ipsum ea. Reiciendis nulla neque sapiente, totam veritatis non? Odio, quaerat.</p>
<p>Eum culpa assumenda eligendi fugit laborum vitae odit deleniti illo quasi voluptates, ipsa, placeat, quaerat, omnis nisi. Repellendus reprehenderit temporibus optio, unde enim vel dignissimos! Deleniti sed perferendis quod ratione incidunt, quam illo et, nulla delectus. Qui, explicabo eius nisi fugit repudiandae, quos voluptates, beatae ullam consectetur ducimus itaque! Tempore provident eligendi sed ipsum ea. Reiciendis nulla neque sapiente, totam veritatis non? Odio, quaerat.</p>
]]></content:encoded>
					
					<wfw:commentRss>/product/slim-fit-dress-shirts/feed/</wfw:commentRss>
			<slash:comments>1</slash:comments>
		
		
			</item>
	</channel>
</rss>
